item_id,store_id,date,actual,predicted
FOODS_3_090,CA_3,2016-03-26,218,191.56967512517315
FOODS_3_090,CA_3,2016-03-27,212,119.36608137949365
FOODS_3_090,CA_3,2016-03-28,61,119.68559698603302
FOODS_3_090,CA_3,2016-03-29,62,86.07375934505386
FOODS_3_090,CA_3,2016-03-30,71,93.53120108074842
FOODS_3_090,CA_3,2016-03-31,130,87.2711158621112
FOODS_3_090,CA_3,2016-04-01,156,167.5697136731626
FOODS_3_090,CA_3,2016-04-02,133,194.23276290050416
FOODS_3_090,CA_3,2016-04-03,114,146.3658596409583
FOODS_3_090,CA_3,2016-04-04,80,101.56882260305129
FOODS_3_090,CA_3,2016-04-05,75,93.0168757213089
FOODS_3_090,CA_3,2016-04-06,113,91.48892268013405
FOODS_3_090,CA_3,2016-04-07,81,98.44288837466883
FOODS_3_090,CA_3,2016-04-08,107,140.85219023131108
FOODS_3_090,CA_3,2016-04-09,160,174.34979236981107
FOODS_3_090,CA_3,2016-04-10,124,124.45062265666387
FOODS_3_090,CA_3,2016-04-11,107,90.01122823864763
FOODS_3_090,CA_3,2016-04-12,84,81.56920737962251
FOODS_3_090,CA_3,2016-04-13,88,92.41813202301043
FOODS_3_090,CA_3,2016-04-14,90,110.0578515985607
FOODS_3_090,CA_3,2016-04-15,129,130.60649792092744
FOODS_3_090,CA_3,2016-04-16,160,143.14367782646664
FOODS_3_090,CA_3,2016-04-17,204,125.36835967372546
FOODS_3_090,CA_3,2016-04-18,86,91.64133285288669
FOODS_3_090,CA_3,2016-04-19,100,94.54235206896196
FOODS_3_090,CA_3,2016-04-20,88,112.35992446401205
FOODS_3_090,CA_3,2016-04-21,77,97.84158162616085
FOODS_3_090,CA_3,2016-04-22,141,114.67878282397112
FOODS_3_090,CA_3,2016-04-23,139,142.2328004760389
FOODS_3_090,CA_3,2016-04-24,130,132.6754423533999
