item_id,store_id,ds,y,yhat,yhat_lower,yhat_upper
FOODS_3_090,CA_3,2016-03-26,218,99.8881165312249,-0.5492397865847981,199.69533922119388
FOODS_3_090,CA_3,2016-03-27,212,78.52044575137863,-15.731957335941773,176.86640301540976
FOODS_3_090,CA_3,2016-03-28,61,63.44796941394333,-42.70658952453077,163.3839517689698
FOODS_3_090,CA_3,2016-03-29,62,53.85788839338247,-48.42498060016132,156.46535456202477
FOODS_3_090,CA_3,2016-03-30,71,54.35265354278336,-42.60076839325984,165.03524634792888
FOODS_3_090,CA_3,2016-03-31,130,59.927251516385624,-43.205377414741925,163.67458192651142
FOODS_3_090,CA_3,2016-04-01,156,78.85543015283112,-22.057691851318857,179.45197923947273
FOODS_3_090,CA_3,2016-04-02,133,96.1746922659378,-9.001512703623764,201.5299611611048
FOODS_3_090,CA_3,2016-04-03,114,75.02288116756135,-33.37846841834507,176.3160172335855
FOODS_3_090,CA_3,2016-04-04,80,60.250399314253876,-40.88454147857031,153.1963209986886
FOODS_3_090,CA_3,2016-04-05,75,51.03580094622617,-54.174697291376056,154.3121395089815
FOODS_3_090,CA_3,2016-04-06,113,51.95509443439063,-57.49521840953138,150.2323314166854
FOODS_3_090,CA_3,2016-04-07,81,58.00358122830075,-49.49724440191447,159.65695776412994
FOODS_3_090,CA_3,2016-04-08,107,77.41512360758576,-23.907290622279593,181.92273952965206
FOODS_3_090,CA_3,2016-04-09,160,95.25503618853175,-8.996925822402812,198.98594606193245
FOODS_3_090,CA_3,2016-04-10,124,74.75327315569837,-26.19538423147338,180.75524714383448
FOODS_3_090,CA_3,2016-04-11,107,60.61164225852452,-42.79315736180279,159.37387627772762
FOODS_3_090,CA_3,2016-04-12,84,51.99504904156626,-48.559871902469666,149.99458899237996
FOODS_3_090,CA_3,2016-04-13,88,53.45070978396087,-50.27580951709002,154.19289614072454
FOODS_3_090,CA_3,2016-04-14,90,59.97449362480571,-43.33729622623375,157.00110209352997
FOODS_3_090,CA_3,2016-04-15,129,79.76312214521067,-22.352889856750732,187.43150878848553
FOODS_3_090,CA_3,2016-04-16,160,97.91479299205827,-12.121180077995518,203.35835456365933
FOODS_3_090,CA_3,2016-04-17,204,77.75875492575285,-27.53901146116921,186.9368718786695
FOODS_3_090,CA_3,2016-04-18,86,63.85726274509932,-37.15242121657022,168.5679527922586
FOODS_3_090,CA_3,2016-04-19,100,55.37218666350205,-44.910853861607464,158.03565834748605
FOODS_3_090,CA_3,2016-04-20,88,56.83382634264283,-47.475704509387555,154.16079218399383
FOODS_3_090,CA_3,2016-04-21,77,63.2514328073785,-39.24816423135366,161.9347030223159
FOODS_3_090,CA_3,2016-04-22,141,82.79801166392868,-17.64279506193231,181.5000638187954
FOODS_3_090,CA_3,2016-04-23,139,100.61835458570478,-0.08736636189169547,205.44465977676964
FOODS_3_090,CA_3,2016-04-24,130,80.15469003125496,-22.139409084445948,180.5679460321091
